SN,Log File Creation Date & Time,FW,GWID,BLE Heartbeat Miss,BLE init Fail,System init Failure,LTE init Fail,SIM ICCID Read Fail,SIM Detect Fail (Checked on every 1 minute),Sub1 init Fail,LTE/GPS Heartbeat Miss,Sub1 Heartbeat Miss,Application Restart count,GW reboot due to failure,GW Reboot Due to External Event,Total_Duration (In minutes),Log file Size (In MB)
024709,Feb 20 14:43:12 2020,NA,NA,0,0,0,0,0,0,0,0,0,0,0,0,35,2.14
024724,Feb 20 12:30:24 2020,NA,NA,0,0,0,0,0,0,0,0,0,0,0,0,47,2.76
024424,Feb 18 14:23:38 2020,NA,NA,0,0,0,0,0,0,0,0,0,0,0,0,5,0.21
024550,Feb 19 01:50:44 2020,3.7.0.0,E3468F2610EC866258040554153,0,0,0,0,0,0,0,0,0,0,0,1,19,1.26
024742,Feb 20 06:42:46 2020,3.7.0.0,E46D1DB86F54866258040553163,0,0,0,0,0,0,0,0,0,0,0,1,81,5.01
024450,Feb 18 22:02:08 2020,NA,NA,0,0,0,0,0,0,0,0,0,0,0,0,73,4.52
024470,Feb 20 03:56:50 2020,3.7.0.0,C19380C561C6866258040556844,0,0,0,0,0,0,0,0,0,0,0,2,32,2.16
024589,Feb 19 22:22:38 2020,3.7.0.0,F2508616EC56866258040550748,0,0,0,0,0,0,0,0,0,0,0,0,56,3.55
024798,Feb 20 12:30:26 2020,NA,NA,0,0,0,0,0,0,0,0,0,0,0,0,44,2.66
024329,Mar  3 19:43:46 2020,NA,NA,0,0,0,0,0,0,0,0,0,0,0,0,49,3.01
024740,Feb 20 14:45:24 2020,NA,NA,0,0,0,0,0,0,0,0,0,0,0,0,34,2.06
024468,Feb 19 20:00:08 2020,NA,NA,0,0,0,0,0,0,0,0,0,0,0,0,66,4.04
024323,Feb 19 12:38:40 2020,3.7.0.0,E88DC7F1587D866258040543420,0,0,0,0,0,0,0,0,0,0,0,0,59,3.69
024483,Feb 18 22:37:26 2020,NA,NA,0,0,0,0,0,0,0,0,0,0,0,0,68,4.12
024488,Feb 20 21:57:00 2020,NA,NA,0,0,0,0,0,0,0,0,0,0,0,0,46,2.73
024558,Feb 18 14:20:02 2020,NA,NA,0,0,0,0,0,0,0,0,0,0,0,0,7,0.21
024337,Feb 19 22:58:24 2020,3.7.0.0,C6BD3B52158B866258040553619,0,0,0,0,0,0,0,0,0,0,0,0,43,2.7
024539,Mar  4 03:18:02 2020,NA,NA,0,0,0,0,0,0,0,0,0,0,0,0,45,2.75
024624,Feb 20 13:10:14 2020,NA,NA,0,0,0,0,0,0,0,0,0,0,0,0,46,2.73
024646,Feb 20 16:47:12 2020,NA,NA,0,0,0,0,0,0,0,0,0,0,0,0,74,4.56
024701,Feb 20 16:47:14 2020,NA,NA,0,0,0,0,0,0,0,0,0,0,0,0,74,4.5
024703,Feb 20 16:47:12 2020,NA,NA,0,0,0,0,0,0,0,0,0,0,0,0,80,4.88
024475,Feb 19 22:22:38 2020,3.7.0.0,D4DE01E555B8866258040541374,0,0,0,0,0,0,0,0,0,0,0,0,57,3.56
024607,Feb 21 03:17:48 2020,3.7.0.0,D95EB1D3EA92866258040540491,0,0,0,0,0,0,0,0,0,0,0,0,33,2.05
024688,Feb 18 14:24:54 2020,NA,NA,0,0,0,0,0,0,0,0,0,0,0,0,7,0.21
024715,Feb 20 16:47:14 2020,NA,NA,0,0,0,0,0,0,0,0,0,0,0,0,80,4.83
024460,Feb 19 00:09:42 2020,3.7.0.0,EE785EC58CE5866258040556612,0,0,0,0,0,0,0,0,0,0,0,1,21,1.35
024636,Feb 19 17:07:14 2020,3.7.0.0,D8E021D698B8866258040543289,0,0,0,0,0,0,0,0,0,0,0,0,45,2.86
024775,Feb 20 16:47:12 2020,NA,NA,0,0,0,0,0,0,0,0,0,0,0,0,80,4.92
024362,Feb 19 03:31:00 2020,3.7.0.0,F70E86A33C31866258040551316,0,0,0,0,0,0,0,0,0,0,0,2,71,4.52
024325,Feb 19 12:38:38 2020,3.7.0.0,F4C27A46A7A4866258040556414,0,0,0,0,0,0,0,0,0,0,0,0,62,3.8
024570,Feb 20 02:12:02 2020,3.7.0.0,C431E614B943866258040539105,0,0,0,0,0,0,0,0,0,0,0,2,77,4.88
024528,Feb 20 14:43:12 2020,NA,NA,0,0,0,0,0,0,0,0,0,0,0,0,33,2.02
024755,Feb 20 14:43:12 2020,NA,NA,0,0,0,0,0,0,0,0,0,0,0,0,35,2.12
024786,Feb 20 06:42:46 2020,3.7.0.0,F194F9FCF7C9866258040552942,0,0,0,0,0,0,0,0,0,0,0,1,81,5.01
024800,Feb 20 14:43:12 2020,NA,NA,0,0,0,0,0,0,0,0,0,0,0,0,36,2.19
024696,Feb 19 17:07:14 2020,3.7.0.0,CE6ADAC0EE7E866258040548460,0,0,0,0,0,0,0,0,0,0,0,0,40,2.57
024485,Feb 19 07:07:50 2020,3.7.0.0,E81F89104B68866258040551076,0,0,0,0,0,0,0,0,0,0,0,1,73,4.59
024342,Feb 19 13:20:08 2020,3.7.0.0,E4BB2245B4B4866258040553783,0,0,0,0,0,0,0,0,0,0,0,0,66,4.08
024437,Feb 19 03:31:00 2020,3.7.0.0,C13567021465866258040543917,0,0,0,0,0,0,0,0,0,0,0,2,71,4.52
024588,Feb 19 22:22:38 2020,3.7.0.0,C8C4A32DE836866258040550763,0,0,0,0,0,0,0,0,0,0,0,0,57,3.57
024585,Feb 18 14:18:48 2020,NA,NA,0,0,0,0,0,0,0,0,0,0,0,0,7,0.22
024587,Feb 20 03:56:50 2020,3.7.0.0,F025AA1DC0E0866258040550409,0,0,0,0,0,0,0,0,0,0,0,2,32,2.15
024807,Feb 20 06:42:44 2020,3.7.0.0,DD172272A9D2866258040542760,0,0,0,0,0,0,0,0,0,0,0,1,81,5.01
024580,Feb 19 03:31:00 2020,3.7.0.0,D460E576925E866258040537026,0,0,0,0,0,0,0,0,0,0,0,2,71,4.52
024562,Feb 19 13:20:08 2020,3.7.0.0,FBDD065C1C9F866258040556216,0,0,0,0,0,0,0,0,0,0,0,0,60,3.72
024535,Feb 20 02:12:02 2020,3.7.0.0,E9132A8B26BD866258040543727,0,0,0,0,0,0,0,0,0,0,0,2,77,4.88
024781,Mar  3 19:43:46 2020,NA,NA,0,0,0,0,0,0,0,0,0,0,0,0,44,1.55
024736,Feb 20 06:42:46 2020,3.7.0.0,C8EE80D2C53C866258040546639,0,0,0,0,0,0,0,0,0,0,0,1,81,5.02
024630,Feb 20 02:12:02 2020,3.7.0.0,E0FE73F7C9BF866258040545755,0,0,0,0,0,0,0,0,0,0,0,2,77,4.88
024420,Feb 19 12:38:40 2020,3.7.0.0,DACFDBE0B680866258040543974,0,0,0,0,0,0,0,0,0,0,0,0,71,4.32
024467,Feb 20 19:26:28 2020,NA,NA,0,0,0,0,0,0,0,0,0,0,0,0,61,3.71
024741,Feb 20 17:18:46 2020,NA,NA,0,0,0,0,0,0,0,0,0,0,0,0,75,4.63
024339,Feb 19 07:07:48 2020,3.7.0.0,C36E451F48EC866258040553825,0,0,0,0,0,0,0,0,0,0,0,1,73,4.59
024635,Feb 19 12:38:40 2020,3.7.0.0,D603046A90D8866258040555614,0,0,0,0,0,0,0,0,0,0,0,0,67,4.16
024802,Mar  3 19:43:48 2020,NA,NA,0,0,0,0,0,0,0,0,0,0,0,0,47,2.85
024618,Feb 20 14:43:12 2020,NA,NA,0,0,0,0,0,0,0,0,0,0,0,0,37,2.26
024461,Feb 19 00:09:38 2020,3.7.0.0,FCAAF946CAAE866258040544162,0,0,0,0,0,0,0,0,0,0,0,1,21,1.35
024551,Feb 18 14:21:12 2020,NA,NA,0,0,0,0,0,0,0,0,0,0,0,0,7,0.21
024711,Feb 20 20:25:00 2020,NA,NA,0,0,0,0,0,0,0,0,0,0,0,0,59,3.58
024464,Feb 20 00:24:30 2020,3.7.0.0,D937862CEA3C866258040548791,0,0,0,0,0,0,0,0,0,0,0,1,23,1.48
024627,Feb 20 21:57:00 2020,NA,NA,0,0,0,0,0,0,0,0,0,0,0,0,46,2.67
024369,Feb 20 14:43:12 2020,NA,NA,0,0,0,0,0,0,0,0,0,0,0,0,35,2.14
024316,Feb 19 22:22:38 2020,3.7.0.0,E48C77581C54866258040542984,0,0,0,0,0,0,0,0,0,0,0,0,57,3.56
024671,Feb 18 14:24:30 2020,NA,NA,0,0,0,0,0,0,0,0,0,0,0,0,7,0.21
024801,Feb 20 13:10:14 2020,NA,NA,0,0,0,0,0,0,0,0,0,0,0,0,39,2.41
024511,Feb 20 00:24:30 2020,3.7.0.0,E1E520CC6CF2866258040556430,0,0,0,0,0,0,0,0,0,0,0,1,22,1.47
024527,Feb 20 14:43:10 2020,NA,NA,0,0,0,0,0,0,0,0,0,0,0,0,37,2.23
024516,Feb 19 18:07:50 2020,3.7.0.0,E7D7E887E00F866258040541788,0,0,0,0,0,0,0,0,0,0,0,0,45,2.89
024494,Feb 18 22:02:08 2020,NA,NA,0,0,0,0,0,0,0,0,0,0,0,0,74,2.63
024789,Feb 20 06:42:46 2020,3.7.0.0,ECD849C875D8866258040556919,0,0,0,0,0,0,0,0,0,0,0,1,81,5.01
024733,Feb 20 20:25:00 2020,NA,NA,0,0,0,0,0,0,0,0,0,0,0,0,64,3.85
024498,Feb 18 14:24:18 2020,NA,NA,0,0,0,0,0,0,0,0,0,0,0,0,7,0.21
024396,Feb 19 00:09:42 2020,3.7.0.0,D54026035F56866258040544147,0,0,0,0,0,0,0,0,0,0,0,1,21,1.35
024344,Feb 19 20:00:08 2020,NA,NA,0,0,0,0,0,0,0,0,0,0,0,0,66,4.09
024416,Feb 19 13:20:08 2020,3.7.0.0,D496F0FE410E866258040556661,1,0,0,0,0,0,0,0,0,1,0,0,59,3.74
024436,Feb 19 00:09:42 2020,3.7.0.0,CE2E7DE6ECE3866258040544667,0,0,0,0,0,0,0,0,0,0,0,1,21,1.35
024398,Feb 19 23:31:44 2020,3.7.0.0,D985410E5ED4866258040549963,0,0,0,0,0,0,0,0,0,0,0,1,22,1.47
024654,Feb 19 17:07:14 2020,3.7.0.0,E933C2FA8C12866258040553445,0,0,0,0,0,0,0,0,0,0,0,0,43,2.66
024440,Feb 20 02:12:00 2020,3.7.0.0,ED689165BFBB866258040551217,0,0,0,0,0,0,0,0,0,0,0,3,75,4.84
024338,Feb 19 04:48:00 2020,3.7.0.0,CD5E1372A927866258040553452,0,0,0,0,0,0,0,0,0,0,0,1,47,2.98
024692,Feb 19 04:48:00 2020,3.7.0.0,F70C4FDB8768866258040550680,0,0,0,0,0,0,0,0,0,0,0,1,47,2.98
024722,Feb 20 12:30:24 2020,NA,NA,0,0,0,0,0,0,0,0,0,0,0,0,47,2.74
024710,Feb 20 22:04:34 2020,NA,NA,0,0,0,0,0,0,0,0,0,0,0,0,47,2.77
024684,Feb 19 03:31:00 2020,3.7.0.0,ED270D176917866258040550706,0,0,0,0,0,0,0,0,0,0,0,2,71,4.52
024544,Feb 19 05:58:58 2020,3.7.0.0,F78AF1778B31866258040556646,0,0,0,0,0,0,0,0,0,0,0,1,6,0.49
024776,Feb 20 20:25:00 2020,NA,NA,0,0,0,0,0,0,0,0,0,0,0,0,62,3.75
024773,Feb 20 14:45:24 2020,NA,NA,0,0,0,0,0,0,0,0,0,0,0,0,37,2.25
024462,Feb 20 00:24:30 2020,3.7.0.0,FC96D55EA4D9866258040550086,0,0,0,0,0,0,0,0,0,0,0,1,22,1.47
024669,Feb 19 03:31:00 2020,3.7.0.0,E1F12DD195D9866258040552330,0,0,0,0,0,0,0,0,0,0,0,2,71,4.52
024442,Feb 20 02:12:00 2020,3.7.0.0,DFD2B8221F4F866258040548726,0,0,0,0,0,0,0,0,0,0,0,2,77,4.88
024713,Feb 20 12:30:24 2020,NA,NA,0,0,0,0,0,0,0,0,0,0,0,0,47,2.77
024788,Feb 20 06:42:46 2020,3.7.0.0,E2B97861B71D866258040543032,0,0,0,0,0,0,0,0,0,0,0,1,81,5.01
024538,Feb 20 02:12:02 2020,3.7.0.0,F6A1469F32F1866258040554831,0,0,0,0,0,0,0,0,0,0,0,2,77,4.87
024763,Feb 20 03:56:50 2020,3.7.0.0,FDC35B42DFE1866258040556406,0,0,0,0,0,0,0,0,0,0,0,1,32,2.03
024372,Feb 19 07:07:50 2020,3.7.0.0,CDCFB9C45433866258040552785,0,0,0,0,0,0,0,0,0,0,0,1,73,4.59
024739,Feb 20 19:26:26 2020,NA,NA,0,0,0,0,0,0,0,0,0,0,0,0,63,3.77
024723,Feb 20 12:30:26 2020,NA,NA,0,0,0,0,0,0,0,0,0,0,0,0,40,2.42
024717,Feb 20 06:42:46 2020,3.7.0.0,D2379FD34417866258040540657,0,0,0,0,0,0,0,0,0,0,0,1,81,5.01
024438,Feb 19 04:47:58 2020,3.7.0.0,F13B7CF40987866258040543776,0,0,0,0,0,0,0,0,0,0,0,1,47,2.97
024530,Feb 19 18:07:50 2020,3.7.0.0,DC4093468DB7866258040552173,0,0,0,0,0,0,0,0,0,0,0,0,44,2.73
024640,Feb 20 22:04:34 2020,NA,NA,0,0,0,0,0,0,0,0,0,0,0,0,43,2.62
024490,Mar  3 19:43:46 2020,NA,NA,0,0,0,0,0,0,0,0,0,0,0,0,48,2.92
024412,Feb 20 00:24:30 2020,3.7.0.0,CF8F916D74C0866258040550946,0,0,0,0,0,0,0,0,0,0,0,1,22,1.47
024447,Feb 19 04:48:00 2020,3.7.0.0,C66D283D056C866258040550961,0,0,0,0,0,0,0,0,0,0,0,1,47,2.98
024394,Feb 19 04:48:00 2020,3.7.0.0,F8D78B1B687F866258040556505,0,0,0,0,0,0,0,0,0,0,0,1,47,2.98
024429,Feb 18 14:20:50 2020,NA,NA,0,0,0,0,0,0,0,0,0,0,0,0,7,0.21
024606,Mar  3 19:43:48 2020,NA,NA,0,0,0,0,0,0,0,0,0,0,0,0,49,2.98
024745,Feb 20 06:42:46 2020,3.7.0.0,D4C9DAED04FE866258040551787,0,0,0,0,0,0,0,0,0,0,0,1,81,5.01
024783,Feb 20 21:57:00 2020,NA,NA,0,0,0,0,0,0,0,0,0,0,0,0,43,2.53
024595,Feb 19 19:45:32 2020,NA,NA,0,0,0,0,0,0,0,0,0,0,0,0,68,4.19
024327,Feb 19 18:07:50 2020,3.7.0.0,FAC58111DA45866258040553692,0,0,0,0,0,0,0,0,0,0,0,0,46,2.91
024347,Feb 19 01:50:44 2020,3.7.0.0,F1751AEA3458866258040553700,0,0,0,0,0,0,0,0,0,0,0,1,19,1.26
024392,Feb 19 02:23:04 2020,3.7.0.0,EE6AF537F905866258040547728,0,0,0,0,0,0,0,0,0,0,0,0,7,0.5
024376,Feb 19 00:09:38 2020,3.7.0.0,F7248D726663866258040551068,0,0,0,0,0,0,0,0,0,0,0,1,21,1.35
024413,Feb 20 19:26:28 2020,NA,NA,0,0,0,0,0,0,0,0,0,0,0,0,61,3.66
024772,Feb 21 03:17:50 2020,3.7.0.0,E56DDAA29A82866258040537091,0,0,0,0,0,0,0,0,0,0,0,0,33,2.05
024324,Feb 19 22:58:24 2020,3.7.0.0,D9A719DDA523866258040550326,0,0,0,0,0,0,0,0,0,0,0,0,57,3.56
024804,Feb 20 03:56:50 2020,3.7.0.0,EA931E0A8E20866258040554682,0,0,0,0,0,0,0,0,0,0,0,2,32,2.15
024474,Mar  3 19:43:48 2020,NA,NA,0,0,0,0,0,0,0,0,0,0,0,0,45,2.75
024708,Feb 20 06:42:46 2020,3.7.0.0,EF7ABE3DAB76866258040555697,0,0,0,0,0,0,0,0,0,0,0,1,81,5.01
024517,Feb 19 17:07:14 2020,3.7.0.0,F8F6F956F2E2866258040548569,0,0,0,0,0,0,0,0,0,0,0,0,46,2.88
024572,Feb 19 20:01:46 2020,3.7.0.0,NA,1,0,0,0,0,0,0,0,0,1,0,0,65,4.0
024676,Feb 19 17:07:14 2020,3.7.0.0,C68AFD31EAC3866258040548031,0,0,0,0,0,0,0,0,0,0,0,0,44,2.82
024433,Feb 20 13:34:14 2020,NA,NA,0,0,0,0,0,0,0,0,0,0,0,0,10,0.56
024754,Feb 20 14:45:24 2020,NA,NA,0,0,0,0,0,0,0,0,0,0,0,0,37,2.25
024353,Feb 19 07:07:50 2020,3.7.0.0,E90D237C3AAE866258040553734,0,0,0,0,0,0,0,0,0,0,0,1,73,4.59
024780,Mar  3 19:43:46 2020,NA,NA,0,0,0,0,0,0,0,0,0,0,0,0,46,2.82
024508,Feb 20 14:43:12 2020,NA,NA,0,0,0,0,0,0,0,0,0,0,0,0,36,2.19
024543,Feb 18 22:02:08 2020,3.7.0.0,CEBF422D6177866258040556794,0,0,0,0,0,0,0,0,0,0,0,1,75,2.72
024559,Feb 19 15:15:40 2020,NA,NA,0,0,0,0,0,0,0,0,0,0,0,1,59,3.68
024384,Feb 19 03:31:00 2020,3.7.0.0,CDA8A903F1C8866258040544618,0,0,0,0,0,0,0,0,0,0,0,2,71,4.52
024506,Feb 19 17:07:14 2020,3.7.0.0,CDA1C00F0A0B866258040542604,0,0,0,0,0,0,0,0,0,0,0,0,42,2.65
024601,Feb 20 02:12:00 2020,3.7.0.0,FDC3B6E1829D866258040550235,0,0,0,0,0,0,0,0,0,0,0,2,77,4.88
024552,Feb 19 01:50:44 2020,3.7.0.0,C75B7A819296866258040547116,0,0,0,0,0,0,0,0,0,0,0,1,19,1.27
024647,Feb 19 04:48:00 2020,3.7.0.0,C63DCE68B8ED866258040548411,0,0,0,0,0,47,0,0,0,0,0,1,47,2.34
024507,Feb 19 12:38:40 2020,3.7.0.0,C5A6154B0F03866258040543180,0,0,0,0,0,0,0,0,0,0,0,0,66,2.3
024621,Feb 20 03:56:50 2020,3.7.0.0,E4C547B61499866258040546498,0,0,0,0,0,0,0,0,0,0,0,2,32,2.15
024542,Feb 19 07:07:50 2020,3.7.0.0,D19982205FCC866258040544568,0,0,0,0,0,0,0,0,0,0,0,1,73,4.59
024364,Feb 18 14:25:06 2020,NA,NA,0,0,0,0,0,0,0,0,0,0,0,0,7,0.21
024690,Feb 19 00:09:42 2020,3.7.0.0,C81A44D04F34866258040548643,0,0,0,0,0,0,0,0,0,0,0,1,21,1.35
024371,Feb 19 07:07:50 2020,3.7.0.0,C59783F23180866258040554898,0,0,0,0,0,0,0,0,0,0,0,1,73,4.59
024771,Feb 20 15:24:46 2020,NA,NA,0,0,0,0,0,0,0,0,0,0,0,0,16,1.0
024686,Feb 19 03:31:00 2020,3.7.0.0,CEF053EA0A54866258040550623,0,0,0,0,0,0,0,0,0,0,0,2,71,4.52
024426,Feb 19 22:58:24 2020,3.7.0.0,D9A719DDA523866258040550326,0,0,0,0,0,0,0,0,0,0,0,0,57,3.56
024455,Feb 19 03:31:00 2020,3.7.0.0,D80BD435A165866258040544691,0,0,0,0,0,0,0,0,0,0,0,2,71,4.52
024441,Feb 19 13:36:52 2020,NA,NA,0,0,0,0,0,0,0,0,0,0,0,0,10,0.59
024417,Feb 20 02:12:02 2020,3.7.0.0,C948C01F01EC866258040553510,0,0,0,0,0,0,0,0,0,0,0,2,77,4.88
024341,Feb 19 07:07:50 2020,3.7.0.0,D50289C6D22A866258040556349,0,0,0,0,0,0,0,0,0,0,0,1,73,4.58
024791,Feb 20 19:26:26 2020,NA,NA,0,0,0,0,0,0,0,0,0,0,0,0,61,3.69
024340,Feb 19 22:22:38 2020,3.7.0.0,CE12C44BB753866258040543370,0,0,0,0,0,0,0,0,0,0,0,0,57,3.56
024760,Feb 20 03:56:50 2020,3.7.0.0,E353D07518AE866258040553072,0,0,0,0,0,0,0,0,0,0,0,1,32,2.03
024568,Feb 19 04:48:00 2020,3.7.0.0,CC58045AC602866258040544055,0,0,0,0,0,0,0,0,0,0,0,1,47,2.98
024814,Feb 18 14:29:54 2020,NA,NA,0,0,0,0,0,0,0,0,0,0,0,0,7,0.21
024427,Feb 19 15:15:40 2020,NA,NA,0,0,0,0,0,0,0,0,0,0,0,1,54,3.38
024501,Feb 19 15:15:40 2020,NA,NA,0,0,0,0,0,0,0,0,0,0,0,1,62,3.81
024326,Feb 19 13:20:08 2020,3.7.0.0,FC25EE2741B2866258040553676,0,0,0,0,0,0,0,0,0,0,0,0,67,4.15
024725,Feb 20 13:10:14 2020,NA,NA,0,0,0,0,0,0,0,0,0,0,0,0,44,2.67
024664,Feb 18 22:02:08 2020,3.7.0.0,F298909BC6A3866258040547884,0,0,0,0,0,0,0,0,0,0,0,2,75,2.73
024452,Feb 20 00:24:30 2020,3.7.0.0,DCCDA2CDA194866258040552686,0,0,0,0,0,0,0,0,0,0,0,1,22,1.48
024648,Feb 19 04:47:58 2020,3.7.0.0,FA1FA6A52FEE866258040552371,0,0,0,0,0,0,0,0,0,0,0,1,47,2.98
024358,Feb 19 23:16:14 2020,3.7.0.0,E9FE53D3C91F866258040551209,0,0,0,0,0,0,0,0,0,0,0,1,7,0.54
024796,Feb 20 21:57:02 2020,NA,NA,0,0,0,0,0,0,0,0,0,0,0,0,45,2.59
024757,Feb 20 14:45:24 2020,NA,NA,0,0,0,0,0,0,0,0,0,0,0,0,33,2.01
024666,Feb 19 00:09:42 2020,3.7.0.0,D77BBA3263DF866258040551977,0,0,0,0,0,0,0,0,0,0,0,1,20,1.35
024571,Feb 20 02:12:02 2020,3.7.0.0,FD3FE229F921866258040550664,0,0,0,0,0,0,0,0,0,0,0,2,77,4.88
024811,Feb 20 13:10:14 2020,NA,NA,0,0,0,0,0,0,0,0,0,0,0,0,45,2.66
024613,Feb 19 20:01:46 2020,NA,NA,0,0,0,0,0,0,0,0,0,0,0,0,69,4.26
024578,Feb 19 04:47:58 2020,3.7.0.0,E5B4043AD675866258040548692,0,0,0,0,0,0,0,0,0,0,0,1,47,2.98
024700,Feb 20 20:25:00 2020,NA,NA,0,0,0,0,0,0,0,0,0,0,0,0,63,3.83
024604,Feb 20 23:20:30 2020,3.7.0.0,CEC26092CBBC866258040554526,0,0,0,0,0,0,0,0,0,0,0,0,33,2.05
024599,Feb 20 00:24:30 2020,3.7.0.0,F11F1343C413866258040550649,0,0,0,0,0,0,0,0,0,0,0,1,23,1.48
024651,Feb 20 02:12:02 2020,3.7.0.0,D18D4D71453B866258040543347,0,0,0,0,0,0,0,0,0,0,0,2,77,4.88
024693,Feb 19 00:43:22 2020,3.7.0.0,EF76D6DE7BAF866258040550110,0,0,0,0,0,0,0,0,0,0,0,1,9,0.67
024458,Feb 19 04:48:00 2020,3.7.0.0,EFED38BD6088866258040543636,0,0,0,0,0,0,0,0,0,0,0,1,47,2.97
024655,Feb 19 18:07:50 2020,3.7.0.0,D3D19BE1B088866258040546530,0,0,0,0,0,0,0,0,0,0,0,0,40,2.58
024756,Feb 20 14:43:12 2020,NA,NA,0,0,0,0,0,0,0,0,0,0,0,0,34,2.05
024531,Feb 19 07:07:50 2020,3.7.0.0,C39D894CF3B8866258040555853,0,0,0,0,0,0,0,0,0,0,0,1,73,4.59
024705,Feb 20 16:47:12 2020,NA,NA,0,0,0,0,0,0,0,0,0,0,0,0,78,4.71
024315,Feb 19 00:09:42 2020,3.7.0.0,E279C2C9553E866258040542786,0,0,0,0,0,0,0,0,0,0,0,1,21,1.35
024331,Feb 20 00:24:30 2020,3.7.0.0,C853A25F85E0866258040551100,0,0,0,0,0,0,0,0,0,0,0,1,22,1.47
024579,Feb 19 00:09:42 2020,3.7.0.0,C00BBF8751DF866258040550219,0,0,0,0,0,0,0,0,0,0,0,1,21,1.35
024491,Feb 19 13:20:08 2020,3.7.0.0,F35874789698866258040550029,0,0,0,0,0,0,0,0,0,0,0,0,66,4.08
024790,Feb 20 19:26:28 2020,NA,NA,0,0,0,0,0,0,0,0,0,0,0,0,62,3.77
024797,Feb 20 16:47:14 2020,NA,NA,0,0,0,0,0,0,0,0,0,0,0,0,72,4.46
024407,Feb 20 00:24:30 2020,3.7.0.0,CE02AC7A1F95866258040548155,0,0,0,0,0,0,0,0,0,0,0,1,23,1.48
024706,Feb 20 13:08:04 2020,NA,NA,0,0,0,0,0,0,0,0,0,0,0,0,40,2.33
024805,Feb 20 03:56:50 2020,3.7.0.0,F6D8F5208E6F866258040553239,0,0,0,0,0,0,0,0,0,0,0,2,32,2.15
024457,Mar  4 03:18:02 2020,NA,NA,0,0,0,0,0,0,0,0,0,0,0,0,45,2.8
024614,Feb 20 06:42:46 2020,3.7.0.0,F5359925C480866258040555564,0,0,0,0,0,0,0,0,0,0,0,1,81,5.01
024391,Mar  3 19:43:48 2020,NA,NA,0,0,0,0,0,0,0,0,0,0,0,0,43,2.63
024687,Feb 19 00:09:42 2020,3.7.0.0,ECAF84C44388866258040549591,0,0,0,0,0,0,0,0,0,0,0,1,21,1.35
024680,Feb 18 21:33:54 2020,3.7.0.0,DE493743406B866258040550169,0,0,0,0,0,0,0,0,0,0,0,1,77,2.73
024514,Feb 19 15:15:40 2020,NA,NA,0,0,0,0,0,0,0,0,0,0,0,1,56,3.5
024518,Feb 18 20:08:36 2020,NA,NA,0,0,0,0,0,0,0,0,0,0,0,0,7,0.41
024659,Feb 19 03:31:00 2020,3.7.0.0,E3C8C691C998866258040548437,0,0,0,0,0,0,0,0,0,0,0,2,71,4.52
024361,Feb 19 22:22:38 2020,3.7.0.0,C78922D4C335866258040554591,0,0,0,0,0,0,0,0,0,0,0,0,57,2.04
024642,Feb 19 18:07:50 2020,3.7.0.0,EBC0ED348A3F866258040556075,0,0,0,0,0,0,0,0,0,0,0,0,44,1.57
024573,Feb 20 02:12:02 2020,3.7.0.0,FC1E7960FEC0866258040549567,0,0,0,0,0,0,0,0,0,0,0,2,77,4.89
024465,Feb 19 19:45:32 2020,NA,NA,0,0,0,0,0,0,0,0,0,0,0,0,70,4.29
024378,Feb 18 14:22:04 2020,NA,NA,0,0,0,0,0,0,0,0,0,0,0,0,7,0.22
024765,Feb 20 14:45:00 2020,NA,NA,0,0,0,0,0,0,0,0,0,0,0,0,35,2.17
024629,Feb 20 14:43:12 2020,NA,NA,0,0,0,0,0,0,0,0,0,0,0,0,36,2.21
024753,Feb 20 12:30:26 2020,NA,NA,0,0,0,0,0,0,0,0,0,0,0,0,43,2.65
024620,Feb 20 14:45:24 2020,NA,NA,0,0,0,0,0,0,0,0,0,0,0,0,33,2.01
024637,Feb 19 12:38:40 2020,3.7.0.0,D02B572B8E9A866258040551084,0,0,0,0,0,0,0,0,0,0,0,0,62,3.83
024549,Feb 19 01:50:44 2020,3.7.0.0,C6991EF1CA05866258040544600,0,0,0,0,0,0,0,0,0,0,0,1,19,1.26
024408,Feb 18 14:28:26 2020,NA,NA,0,0,0,0,0,0,0,0,0,0,0,0,14,1.62
024596,Feb 19 20:00:08 2020,NA,NA,0,0,0,0,0,0,0,0,0,0,0,0,68,4.18
024769,Feb 20 14:43:10 2020,NA,NA,0,0,0,0,0,0,0,0,0,0,0,0,34,2.09
024350,Feb 19 07:07:48 2020,3.7.0.0,EF8803CA9AA4866258040553791,0,0,0,0,0,0,0,0,0,0,0,1,73,4.59
024393,Feb 19 15:15:40 2020,NA,NA,0,0,0,0,0,0,0,0,0,0,0,1,61,3.8
024569,Feb 19 00:09:42 2020,3.7.0.0,EBE031D709A1866258040556752,0,0,0,0,0,0,0,0,0,0,0,1,21,1.35
024809,Feb 20 22:04:34 2020,NA,NA,0,0,0,0,0,0,0,0,0,0,0,0,44,2.65
024503,Feb 18 14:23:24 2020,NA,NA,0,0,0,0,0,0,0,0,0,0,0,0,5,0.21
024370,Feb 19 07:07:48 2020,3.7.0.0,DBC1875EA2BF866258040556182,0,0,0,0,0,0,0,0,0,0,0,1,73,4.59
024694,Feb 19 04:48:00 2020,3.7.0.0,DFBEFBB1BF51866258040550417,0,0,0,0,0,0,0,0,0,0,0,1,47,2.98
024332,Feb 20 02:12:02 2020,3.7.0.0,C2ACDF044AF1866258040551019,0,0,0,0,0,0,0,0,0,0,0,2,77,4.88
024541,Feb 19 22:22:38 2020,3.7.0.0,F1B16FE35B25866258040554476,0,0,0,0,0,0,0,0,0,0,0,0,57,3.56
024477,Feb 20 22:04:34 2020,NA,NA,0,0,0,0,0,0,0,0,0,0,0,0,44,2.67
024390,Feb 19 17:07:12 2020,3.7.0.0,F442248F58DE866258040537794,0,0,0,0,0,38,0,0,0,0,0,1,38,2.08
024354,Feb 19 22:22:38 2020,3.7.0.0,E1EAEB95B2E7866258040555267,0,0,0,0,0,0,0,0,0,0,0,0,57,3.56
024737,Feb 20 13:08:04 2020,3.7.0.0,EC98FE5E4AAF866258040552835,1,0,0,0,0,0,0,0,0,1,0,0,44,2.7
024529,Feb 20 14:45:24 2020,NA,NA,0,0,0,0,0,0,0,0,0,0,0,0,35,2.12
024317,Feb 20 21:57:00 2020,NA,NA,0,0,0,0,0,0,0,0,0,0,0,0,46,2.76
024794,Feb 20 12:30:26 2020,NA,NA,0,0,0,0,0,0,0,0,0,0,0,0,41,2.46
024425,Feb 19 01:50:44 2020,3.7.0.0,CB7194496F67866258040549062,0,0,0,0,0,0,0,0,0,0,0,1,19,1.26
024431,Feb 19 17:07:14 2020,3.7.0.0,ED1A0E696F08866258040543891,0,0,0,0,0,0,0,0,0,0,0,0,43,2.69
024566,Feb 19 07:07:50 2020,3.7.0.0,EBB9A94B9A31866258040556497,0,0,0,0,0,0,0,0,0,0,0,1,73,4.59
024576,Feb 19 15:16:02 2020,NA,NA,0,0,0,0,0,0,0,0,0,0,0,1,60,3.7
024510,Feb 19 13:20:08 2020,3.7.0.0,CA88CE0632AB866258040544303,0,0,0,0,0,0,0,0,0,0,0,0,61,3.73
024525,Feb 18 14:19:26 2020,NA,NA,0,0,0,0,0,0,0,0,0,0,0,0,7,0.21
024443,Feb 19 20:01:46 2020,NA,NA,0,0,0,0,0,0,0,0,0,0,0,0,63,3.91
024787,Feb 20 03:56:50 2020,3.7.0.0,F02A5D1E8758866258040553262,0,0,0,0,0,0,0,0,0,0,0,1,32,2.03
024678,Feb 19 17:07:14 2020,3.7.0.0,F5981C1CF645866258040550128,0,0,0,0,0,0,0,0,0,0,0,0,39,2.51
024556,Feb 20 02:12:02 2020,3.7.0.0,F92D96ECCD11866258040552017,0,0,0,0,0,0,0,0,0,0,0,2,77,4.89
024397,Feb 19 04:48:00 2020,3.7.0.0,D2862D9DD2E8866258040554922,0,0,0,0,0,0,0,0,0,0,0,1,47,2.98
024383,Feb 19 01:50:44 2020,3.7.0.0,C93B6A728231866258040556471,0,0,0,0,0,0,0,0,0,0,0,1,19,1.26
024520,Feb 20 00:24:30 2020,3.7.0.0,DC39AE29BD02866258040551605,0,0,0,0,0,0,0,0,0,0,0,1,22,1.47
024389,Feb 19 17:07:14 2020,3.7.0.0,C98D91C9ECD6866258040551506,0,0,0,0,0,0,0,0,0,0,0,0,43,2.75
024479,Feb 18 22:37:26 2020,NA,NA,0,0,0,0,0,0,0,0,0,0,0,0,73,4.48
024351,Feb 19 07:07:50 2020,3.7.0.0,EB1D98C726FB866258040553049,0,0,0,0,0,0,0,0,0,0,0,1,73,4.59
024702,Feb 20 16:47:14 2020,NA,NA,0,0,0,0,0,0,0,0,0,0,0,0,79,4.87
024365,Feb 19 01:50:44 2020,3.7.0.0,F3FA47489C09866258040543834,0,0,0,0,0,0,0,0,0,0,0,1,19,1.26
024448,Mar  3 19:43:48 2020,NA,NA,0,0,0,0,0,0,0,0,0,0,0,0,43,2.64
024504,Feb 19 01:50:44 2020,3.7.0.0,F58905D7E020866258040542893,0,0,0,0,0,0,0,0,0,0,0,1,19,1.26
024495,Feb 18 23:12:38 2020,3.7.0.0,FEBE252191B5866258040556240,0,0,0,0,0,0,0,0,0,0,0,1,20,1.32
024752,Feb 20 06:48:42 2020,3.7.0.0,E0256A61E041866258040547009,0,0,0,0,0,0,0,0,0,0,0,1,81,5.01
024616,Feb 20 13:10:14 2020,NA,NA,0,0,0,0,0,0,0,0,0,0,0,0,43,2.63
024352,Feb 19 21:09:24 2020,3.7.0.0,EABCBCB75749866258040553296,0,0,0,0,0,0,0,0,0,0,0,0,1,0.11
024803,Feb 20 03:56:50 2020,3.7.0.0,C62C3C235842866258040552876,0,0,0,0,0,0,0,0,0,0,0,2,32,2.15
024446,Feb 19 04:48:02 2020,3.7.0.0,E87EC41A7781866258040544030,0,0,0,0,0,0,0,0,0,0,0,1,47,2.98
024658,Feb 19 15:15:40 2020,NA,NA,0,0,0,0,0,0,0,0,0,0,0,1,55,3.41
024598,Feb 19 20:01:46 2020,NA,NA,0,0,0,0,0,0,0,0,0,0,0,0,64,3.97
024650,Feb 20 00:24:30 2020,3.7.0.0,F35D881C91CF866258040553932,0,0,0,0,0,0,0,0,0,0,0,1,22,1.47
024328,Feb 19 12:38:40 2020,3.7.0.0,D79895FBBD20866258040551779,0,0,0,0,0,0,0,0,0,0,0,0,68,4.27
024728,Feb 20 12:30:26 2020,NA,NA,0,0,0,0,0,0,0,0,0,0,0,0,39,2.38
024591,Feb 20 22:04:34 2020,NA,NA,0,0,0,0,0,0,0,0,0,0,0,0,44,2.65
024343,Feb 20 00:24:30 2020,3.7.0.0,F4736C6F404B866258040544659,0,0,0,0,0,0,0,0,0,0,0,1,22,1.47
024767,Feb 20 23:20:30 2020,3.7.0.0,E6739806C6C0866258040542844,0,0,0,0,0,0,0,0,0,0,0,0,33,2.05
024487,Feb 19 20:01:46 2020,NA,NA,0,0,0,0,0,0,0,0,0,0,0,0,63,3.89
024634,Feb 19 22:58:24 2020,3.7.0.0,D694D4CAF16D866258040553429,0,0,0,0,0,0,0,0,0,0,0,0,57,3.56
024611,Feb 18 14:21:30 2020,NA,NA,0,0,0,0,0,8,0,0,0,0,0,0,8,0.23
024795,Feb 20 12:30:28 2020,NA,NA,0,0,0,0,0,0,0,0,0,0,0,0,43,2.58
024496,Feb 18 22:02:08 2020,NA,NA,0,0,0,0,0,0,0,0,0,0,0,0,71,4.42
024774,Feb 20 14:45:00 2020,NA,NA,0,0,0,0,0,0,0,0,0,0,0,0,34,2.12
024513,Feb 19 12:38:40 2020,3.7.0.0,F2B34DA7A9DD866258040543560,0,0,0,0,0,0,0,0,0,0,0,0,62,3.85
024675,Feb 19 00:09:38 2020,3.7.0.0,EABFB4D82B77866258040542885,0,0,0,0,0,0,0,0,0,0,0,1,21,1.35
024375,Feb 19 01:50:44 2020,3.7.0.0,DF94E1C156B7866258040551134,0,0,0,0,0,0,0,0,0,0,0,1,19,1.26
024554,Feb 20 02:12:00 2020,3.7.0.0,FB3F787B432D866258040552348,0,0,0,0,0,0,0,0,0,0,0,2,77,4.88
024759,Feb 20 06:42:44 2020,3.7.0.0,D3981A13BBEE866258040548551,0,0,0,0,0,0,0,0,0,0,0,1,81,5.02
024380,Feb 19 15:15:40 2020,NA,NA,0,0,0,0,0,0,0,0,0,0,0,1,57,3.56
024319,Feb 18 22:37:26 2020,NA,NA,0,0,0,0,0,0,0,0,0,0,0,0,69,4.28
024748,Feb 20 14:45:24 2020,NA,NA,0,0,0,0,0,0,0,0,0,0,0,0,34,2.08
024564,Feb 20 02:12:02 2020,3.7.0.0,D5173639C136866258040556687,0,0,0,0,0,0,0,0,0,0,0,2,77,4.88
024385,Feb 19 01:50:44 2020,3.7.0.0,E45B7B38F74D866258040554278,0,0,0,0,0,0,0,0,0,0,0,1,19,1.26
024750,Feb 20 13:10:14 2020,NA,NA,0,0,0,0,0,0,0,0,0,0,0,0,46,2.69
024414,Feb 19 20:00:08 2020,NA,NA,0,0,0,0,0,0,0,0,0,0,0,0,63,3.88
024605,Feb 19 00:09:38 2020,3.7.0.0,D2E86D8CFBFD866258040556034,0,0,0,0,0,0,0,0,0,0,0,1,21,0.78
024653,Feb 19 20:00:08 2020,NA,NA,0,0,0,0,0,0,0,0,0,0,0,0,70,4.28
024665,Feb 19 03:31:00 2020,3.7.0.0,D5492E50EADF866258040548429,0,0,0,0,0,0,0,0,0,0,0,1,72,4.52
024612,Feb 18 14:24:42 2020,NA,NA,0,0,0,0,0,0,0,0,0,0,0,0,7,0.21
024481,Feb 19 03:31:00 2020,3.7.0.0,E36208893D3A866258040554146,0,0,0,0,0,0,0,0,0,0,0,2,71,4.52
024540,Feb 20 00:24:30 2020,3.7.0.0,C2C0C8EE7F6F866258040552629,0,0,0,0,0,0,0,0,0,0,0,1,22,1.47
024349,Feb 19 01:50:44 2020,3.7.0.0,EB6994F7BED1866258040549716,0,0,0,0,0,0,0,0,0,0,0,1,19,1.26
024379,Feb 18 14:20:20 2020,NA,NA,0,0,0,0,0,0,0,0,0,0,0,0,7,0.21
024743,Feb 20 06:48:42 2020,3.7.0.0,DB751205FBDC866258040543107,0,0,0,0,0,0,0,0,0,0,0,1,81,5.01
024727,Feb 20 16:47:14 2020,NA,NA,0,0,0,0,0,0,0,0,0,0,0,0,80,4.8
024619,Feb 20 03:56:50 2020,3.7.0.0,E1019EA0A462866258040553064,0,0,0,0,0,0,0,0,0,0,0,2,32,2.15
024712,Feb 20 23:20:30 2020,3.7.0.0,EBB9159C039D866258040555036,0,0,0,0,0,0,0,0,0,0,0,0,33,2.05
024555,Feb 20 00:24:30 2020,3.7.0.0,E670051865C5866258040552280,0,0,0,0,0,0,0,0,0,0,0,1,22,1.47
024726,Feb 20 16:47:14 2020,NA,NA,0,0,0,0,0,0,0,0,0,0,0,0,75,4.61
024583,Mar  4 03:18:02 2020,NA,NA,0,0,0,0,0,0,0,0,0,0,0,0,44,2.68
024534,Feb 20 02:12:00 2020,3.7.0.0,C6172E59AAB2866258040556398,0,0,0,0,0,0,0,0,0,0,0,2,77,4.88
024785,Feb 20 17:18:46 2020,NA,NA,0,0,0,0,0,0,0,0,0,0,0,0,74,4.56
024533,Feb 19 01:50:44 2020,3.7.0.0,CD9049EC710B866258040556422,0,0,0,0,0,0,0,0,0,0,0,1,19,1.26
024749,Feb 20 19:26:28 2020,NA,NA,0,0,0,0,0,0,0,0,0,0,0,0,59,3.6
024744,Feb 20 12:30:24 2020,NA,NA,0,0,0,0,0,0,0,0,0,0,0,0,39,2.31
024625,Feb 20 20:25:00 2020,NA,NA,0,0,0,0,0,0,0,0,0,0,0,0,15,0.91
024399,Feb 19 20:00:08 2020,NA,NA,0,0,0,0,0,0,0,0,0,0,0,0,64,3.93
024360,Feb 19 22:22:40 2020,3.7.0.0,C62BF8B683E3866258040555358,0,0,0,0,0,0,0,0,0,0,0,0,57,2.04
024667,Feb 19 03:31:00 2020,3.7.0.0,EB0941C15866866258040550102,0,0,0,0,0,0,0,0,0,0,0,3,71,4.52
024768,Mar  3 19:43:46 2020,NA,NA,0,0,0,0,0,0,0,0,0,0,0,0,44,2.71
024762,Feb 20 06:42:46 2020,3.7.0.0,FED47D6F305A866258040543040,0,0,0,0,0,0,0,0,0,0,0,1,81,5.01
024422,Feb 18 22:37:26 2020,NA,NA,0,0,0,0,0,0,0,0,0,0,0,0,73,2.6
024575,Feb 19 20:00:08 2020,NA,NA,0,0,0,0,0,0,0,0,0,0,0,0,65,4.0
024548,Feb 19 04:48:00 2020,3.7.0.0,F263F80D11B1866258040543966,0,0,0,0,0,0,0,0,0,0,0,1,47,2.98
024643,Feb 19 19:45:32 2020,NA,NA,0,0,0,0,0,0,0,0,0,0,0,0,66,4.05
024480,Feb 19 03:31:00 2020,3.7.0.0,EDA4A8DF1290866258040551118,0,0,0,0,0,0,0,0,0,0,0,2,71,4.52
024674,Feb 18 22:37:26 2020,NA,NA,0,0,0,0,0,0,0,0,0,0,0,0,72,4.44
024356,Feb 19 12:38:40 2020,3.7.0.0,D75620A783C1866258040551126,0,0,0,0,0,0,0,0,0,0,0,0,59,3.65
024432,Feb 20 22:04:34 2020,NA,NA,0,0,0,0,0,0,0,0,0,0,0,0,42,2.51
024561,Feb 19 15:16:02 2020,NA,NA,0,0,0,0,0,0,0,0,0,0,0,1,60,3.72
024751,Feb 20 06:48:42 2020,3.7.0.0,E8E70DA2FADA866258040543065,0,0,0,0,0,0,0,0,0,0,0,1,81,5.01
024777,Feb 20 12:30:26 2020,NA,NA,0,0,0,0,0,0,0,0,0,0,0,0,38,2.35
024532,Feb 19 04:48:02 2020,3.7.0.0,C1DF11F3B35A866258040551266,0,0,0,0,0,0,0,0,0,0,0,1,47,2.98
024652,Feb 20 00:24:30 2020,3.7.0.0,E5E81CECACF4866258040556802,0,0,0,0,0,0,0,0,0,0,0,1,23,1.48
024567,Feb 19 12:38:40 2020,3.7.0.0,DE131E3572A1866258040543990,0,0,0,0,0,0,0,0,0,0,0,0,58,3.6
024761,Feb 20 03:56:50 2020,3.7.0.0,C4A00739D39A866258040542646,0,0,0,0,0,0,0,0,0,0,0,2,32,2.15
024428,Feb 19 15:16:02 2020,NA,NA,0,0,0,0,0,0,0,0,0,0,0,1,58,3.62
024720,Feb 20 06:42:46 2020,3.7.0.0,EC3AB6F5D720866258040555226,0,0,0,0,0,0,0,0,0,0,0,1,81,5.01
024622,Feb 20 12:30:26 2020,NA,NA,0,0,0,0,0,0,0,0,0,0,0,0,45,2.77
024409,Feb 19 01:50:44 2020,3.7.0.0,F303E5638AFE866258040539592,0,0,0,0,0,0,0,0,0,0,0,1,19,1.26
024333,Feb 19 23:31:46 2020,3.7.0.0,FCC9FD7EE785866258040553437,0,0,0,0,0,0,0,0,0,0,0,1,22,1.47
024735,Feb 20 21:57:00 2020,NA,NA,0,0,0,0,0,0,0,0,0,0,0,0,44,2.6
024387,Feb 19 15:16:02 2020,NA,NA,0,0,0,0,0,0,0,0,0,0,0,1,57,3.51
024641,Feb 19 07:07:48 2020,3.7.0.0,F97B019BCD56866258040553288,0,0,0,0,0,0,0,0,0,0,0,1,73,4.59
024685,Feb 19 00:09:38 2020,3.7.0.0,C8DCA675C6B0866258040547686,0,0,0,0,0,0,0,0,0,0,0,1,21,1.35
024782,Feb 20 20:25:00 2020,NA,NA,0,0,0,0,0,0,0,0,0,0,0,0,63,3.8
024808,Feb 20 06:42:46 2020,3.7.0.0,F918DB82E786866258040552975,0,0,0,0,0,0,0,0,0,0,0,1,81,5.02
024594,Feb 20 00:24:30 2020,3.7.0.0,FDA4A86DAE21866258040550201,0,0,0,0,0,0,0,0,0,0,0,1,22,1.48
024673,Feb 19 03:31:00 2020,3.7.0.0,DCA15D378622866258040543214,0,0,0,0,0,0,0,0,0,0,0,2,71,4.51
024521,Feb 19 03:31:00 2020,3.7.0.0,CCA73AE172EA866258040544188,0,0,0,0,0,0,0,0,0,0,0,2,71,4.52
024497,Feb 19 04:48:00 2020,3.7.0.0,FD2B1CB60A27866258040556281,0,0,0,0,0,0,0,0,0,0,0,1,47,2.98
024682,Feb 18 22:02:08 2020,NA,NA,0,0,0,0,0,0,0,0,0,0,0,0,72,4.37
024638,Feb 19 07:07:50 2020,3.7.0.0,C10BF2C4E853866258040550987,0,0,0,0,0,0,0,0,0,0,0,1,73,4.59
024615,Feb 20 21:57:00 2020,NA,NA,0,0,0,0,0,0,0,0,0,0,0,0,45,2.65
024400,Feb 19 20:00:08 2020,NA,NA,0,0,0,0,0,0,0,0,0,0,0,0,71,4.34
024377,Feb 19 04:48:02 2020,3.7.0.0,CB4283B3117A866258040551357,0,0,0,0,0,0,0,0,0,0,0,1,47,2.98
024668,Feb 18 14:21:48 2020,NA,NA,0,0,0,0,0,0,0,0,0,0,0,0,7,0.21
024644,Feb 19 23:31:44 2020,3.7.0.0,F9793053B80F866258040553643,0,0,0,0,0,0,0,0,0,0,0,1,22,1.47
024689,Feb 19 00:09:42 2020,3.7.0.0,C383788DE1AF866258040537067,0,0,0,0,0,0,0,0,0,0,0,1,21,1.35
024492,Feb 19 07:07:50 2020,3.7.0.0,D35F775AEEF4866258040547660,0,0,0,0,0,0,0,0,0,0,0,1,73,4.59
024592,Feb 18 20:02:36 2020,3.7.0.0,F6B6BD32AEDB866258040543669,0,0,0,0,0,0,0,0,0,0,0,1,8,0.35
024421,Feb 19 12:38:40 2020,3.7.0.0,DAFBE71B6535866258040553833,0,0,0,0,0,0,0,0,0,0,0,0,58,3.62
024500,Feb 19 17:07:14 2020,3.7.0.0,CB35DC47ED8F866258040550268,0,0,0,0,0,0,0,0,0,0,0,0,42,2.61
024509,Feb 19 23:31:44 2020,3.7.0.0,ED908F3E2DAF866258040536978,0,0,0,0,0,0,0,0,0,0,0,1,22,1.47
024405,Feb 19 15:16:02 2020,NA,NA,0,0,0,0,0,0,0,0,0,0,0,1,57,3.53
024484,Feb 18 22:37:26 2020,NA,NA,0,0,0,0,0,0,0,0,0,0,0,0,73,4.49
024812,Mar  4 03:18:04 2020,NA,NA,0,0,0,0,0,0,0,0,0,0,0,0,44,2.71
024382,Feb 18 14:23:12 2020,NA,NA,0,0,0,0,0,0,0,0,0,0,0,0,6,0.21
024608,Feb 19 22:58:24 2020,3.7.0.0,F6DEA181B781866258040543081,0,0,0,0,0,0,0,0,0,0,0,0,57,3.56
024320,Feb 19 15:15:42 2020,NA,NA,0,0,0,0,0,0,0,0,0,0,0,1,59,3.67
024645,Feb 19 13:20:08 2020,3.7.0.0,DB5373C72512866258040551738,0,0,0,0,0,0,0,0,0,0,0,0,64,3.98
024418,Feb 19 21:21:54 2020,NA,NA,0,0,0,0,0,0,0,0,0,0,0,2,0,0.06
024434,Feb 18 22:02:08 2020,3.7.0.0,DEB19170BBB9866258040551225,0,0,0,0,0,0,0,0,0,0,0,0,58,3.49
024602,Feb 19 00:09:38 2020,3.7.0.0,F6221094B97B866258040542711,0,0,0,0,0,0,0,0,0,0,0,1,21,1.35
024778,Mar  3 19:43:48 2020,NA,NA,0,0,0,0,0,0,0,0,0,0,0,0,43,2.65
024784,Feb 20 20:25:00 2020,NA,NA,0,0,0,0,0,0,0,0,0,0,0,0,58,3.47
024683,Feb 19 04:47:52 2020,3.7.0.0,CA0FEF9B0146866258040539188,0,0,0,0,0,0,0,0,0,0,0,1,47,2.97
024714,Feb 20 16:47:12 2020,NA,NA,0,0,0,0,0,0,0,0,0,0,0,0,77,4.74
024557,Feb 20 00:24:30 2020,3.7.0.0,C75310A761BE866258040551480,0,0,0,0,0,0,0,0,0,0,0,1,22,1.48
024345,Feb 19 20:00:08 2020,NA,NA,0,0,0,0,0,0,0,0,0,0,0,0,64,3.95
024707,Feb 20 03:56:48 2020,3.7.0.0,C3465D233918866258040553023,0,0,0,0,0,0,0,0,0,0,0,1,31,2.03
024695,Feb 19 04:48:00 2020,3.7.0.0,E8640B310157866258040549476,0,0,0,0,0,0,0,0,0,0,0,1,47,2.98
024459,Feb 18 22:02:08 2020,3.7.0.0,E4596964159B866258040543792,0,0,0,0,0,0,0,0,0,0,0,1,75,2.72
024493,Feb 19 18:07:50 2020,3.7.0.0,CB6970156514866258040541416,0,0,0,0,0,0,0,0,0,0,0,0,39,2.48
024523,Mar  3 19:43:48 2020,NA,NA,0,0,0,0,0,0,0,0,0,0,0,0,45,2.77
024454,Feb 19 03:31:00 2020,3.7.0.0,EAFC5B48B7E7866258040549641,0,0,0,0,0,0,0,0,0,0,0,2,71,4.52
024505,Feb 19 03:31:00 2020,3.7.0.0,EC55F1AD1DF4866258040543941,0,0,0,0,0,0,0,0,0,0,0,2,71,4.52
024577,Feb 18 14:22:30 2020,NA,NA,0,0,0,0,0,0,0,0,0,0,0,0,7,0.21
024486,Feb 20 00:24:30 2020,3.7.0.0,F4889A861DF7866258040556539,0,0,0,0,0,0,0,0,0,0,0,0,23,0.85
024617,Feb 20 06:42:46 2020,3.7.0.0,F3928B384921866258040555309,0,0,0,0,0,0,0,0,0,0,0,1,81,5.02
024656,Feb 19 12:38:40 2020,3.7.0.0,CAA459D2E2CE866258040556513,0,0,0,0,0,0,0,0,0,0,0,0,60,3.72
024738,Feb 20 17:18:46 2020,NA,NA,0,0,0,0,0,0,0,0,0,0,0,0,74,4.5
024366,Feb 20 03:56:50 2020,3.7.0.0,C5DC445183C3866258040541259,0,0,0,0,0,0,0,0,0,0,0,2,32,2.15
024330,Feb 20 02:12:00 2020,3.7.0.0,EA2825EB0D60866258040553635,0,0,0,0,0,0,0,0,0,0,0,2,77,4.88
024799,Feb 20 17:18:46 2020,NA,NA,0,0,0,0,0,0,0,0,0,0,0,0,79,4.75
024582,Feb 19 01:50:44 2020,3.7.0.0,DBD8EDD91272866258040544220,0,0,0,0,0,0,0,0,0,0,0,1,19,1.26
024698,Feb 20 17:18:46 2020,NA,NA,0,0,0,0,0,0,0,0,0,0,0,0,74,4.45
024515,Feb 19 03:31:00 2020,3.7.0.0,E5809DAC149E866258040548858,0,0,0,0,0,0,0,0,0,0,0,2,71,4.52
024471,Feb 19 22:58:24 2020,3.7.0.0,EA7FB95A38B1866258040555994,0,0,0,0,0,0,0,0,0,0,0,0,57,3.56
024451,Feb 19 15:15:40 2020,NA,NA,0,0,0,0,0,0,0,0,0,0,0,1,54,3.36
024758,Feb 20 03:56:50 2020,3.7.0.0,DC3229BA5E51866258040537679,0,0,0,0,0,0,0,0,0,0,0,2,32,2.15
024718,Feb 20 14:43:14 2020,NA,NA,0,0,0,0,0,0,0,0,0,0,0,0,34,2.07
024677,Feb 19 22:58:24 2020,3.7.0.0,E3194F6B5A4A866258040551340,0,0,0,0,0,0,0,0,0,0,0,0,44,2.73
024731,Feb 20 19:26:28 2020,NA,NA,0,0,0,0,0,0,0,0,0,0,0,0,61,3.69
024355,Feb 19 13:20:08 2020,3.7.0.0,C5100D708EE5866258040555796,0,0,0,0,0,0,0,0,0,0,0,0,62,3.87
024547,Feb 19 04:48:02 2020,3.7.0.0,C7B1ECB47E6F866258040549724,0,0,0,0,0,0,0,0,0,0,0,1,47,2.98
024359,Feb 19 22:22:40 2020,3.7.0.0,EBFCBBFBD259866258040555234,0,0,0,0,0,0,0,0,0,0,0,0,57,3.56
024581,Feb 19 03:31:00 2020,3.7.0.0,E4F3FCAAF6E6866258040552298,0,0,0,0,0,0,0,0,0,0,0,2,71,4.52
024367,Feb 19 22:22:38 2020,3.7.0.0,D8175B7732E9866258040549575,0,0,0,0,0,0,0,0,0,0,0,0,57,3.56
024489,Feb 19 18:07:50 2020,3.7.0.0,E1D305DFF79A866258040554542,0,0,0,0,0,0,0,0,0,0,0,0,45,2.85
024423,Feb 19 17:07:14 2020,3.7.0.0,D4455B80EA42866258040548882,0,0,0,0,0,0,0,0,0,0,0,0,41,2.55
024590,Feb 19 07:07:50 2020,3.7.0.0,C62479DFB24F866258040556315,0,0,0,0,0,0,0,0,0,0,0,1,73,4.59
024639,Feb 19 07:07:50 2020,3.7.0.0,E8781324C936866258040543487,0,0,0,0,0,0,0,0,0,0,0,1,73,4.59
024373,Feb 19 04:48:00 2020,3.7.0.0,F744EA7C97B2866258040544717,0,0,0,0,0,0,0,0,0,0,0,1,47,2.98
024633,Feb 19 19:45:32 2020,NA,NA,0,0,0,0,0,0,0,0,0,0,0,0,65,3.98
024473,Feb 19 00:09:42 2020,3.7.0.0,D7FA716DCB18866258040551258,0,0,0,0,0,0,0,0,0,0,0,1,21,1.35
024699,Feb 20 16:47:14 2020,NA,NA,0,0,0,0,0,0,0,0,0,0,0,0,81,4.96
024502,Feb 19 01:50:44 2020,3.7.0.0,C918017B745F866258040544311,0,0,0,0,0,0,0,0,0,0,0,1,19,1.26
024747,Mar  4 03:18:04 2020,NA,NA,0,0,0,0,0,0,0,0,0,0,0,0,46,2.84
024415,Feb 19 20:00:08 2020,NA,NA,0,0,0,0,0,0,0,0,0,0,0,0,65,4.02
024806,Feb 20 14:43:12 2020,NA,NA,0,0,0,0,0,0,0,0,0,0,0,0,36,2.17
024593,Feb 18 22:02:06 2020,NA,NA,0,0,0,0,0,0,0,0,0,0,0,0,69,4.29
024318,Feb 19 15:15:40 2020,NA,NA,0,0,0,0,0,0,0,0,0,0,0,1,56,3.44
024721,Feb 20 12:30:24 2020,NA,NA,0,0,0,0,0,0,0,0,0,0,0,0,45,2.65
024346,Feb 19 01:50:44 2020,3.7.0.0,DD5ED611B2CD866258040555457,0,0,0,0,0,0,0,0,0,0,0,1,19,1.26
024545,Feb 19 07:07:50 2020,3.7.0.0,FB0A5BB3F9CE866258040544170,0,0,0,0,0,0,0,0,0,0,0,1,73,4.59
024435,Feb 19 00:09:42 2020,3.7.0.0,EA3EAEF9F558866258040543784,0,0,0,0,0,0,0,0,0,0,0,0,22,1.33
024469,Feb 19 12:38:40 2020,3.7.0.0,C48D0ECF02F4866258040538693,1,0,0,0,0,0,0,0,0,1,0,0,59,3.72
024439,Feb 19 15:16:02 2020,NA,NA,0,0,0,0,0,0,0,0,0,0,0,1,55,3.43
024453,Feb 19 20:00:08 2020,NA,NA,0,0,0,0,0,0,0,0,0,0,0,0,63,3.86
024597,Feb 19 20:00:08 2020,NA,NA,0,0,0,0,0,0,0,0,0,0,0,0,63,3.86
024793,Feb 20 23:20:30 2020,3.7.0.0,CEC26092CBBC866258040554526,0,0,0,0,0,0,0,0,0,0,0,0,33,2.05
024730,Feb 20 16:47:14 2020,NA,NA,0,0,0,0,0,0,0,0,0,0,0,0,76,4.68
024363,Feb 18 14:24:54 2020,NA,NA,0,0,0,0,0,0,0,0,0,0,0,0,7,0.21
024697,Feb 19 18:07:50 2020,3.7.0.0,F5E313498EB1866258040548494,0,0,0,0,0,0,0,0,0,0,0,0,42,2.71
024603,Feb 18 22:02:08 2020,3.7.0.0,NA,0,0,0,0,0,0,0,0,0,0,0,0,75,2.67
024512,Mar  3 19:43:46 2020,NA,NA,0,0,0,0,0,0,0,0,0,0,0,0,45,2.78
024335,Feb 20 02:12:02 2020,3.7.0.0,FBDA15A58A9A866258040553536,0,0,0,0,0,0,0,0,0,0,0,2,77,4.88
024553,Feb 18 14:19:46 2020,NA,NA,0,0,0,0,0,0,0,0,0,0,0,0,7,0.21
024732,Feb 20 17:18:46 2020,NA,NA,0,0,0,0,0,0,0,0,0,0,0,0,80,4.93
024623,Feb 20 06:48:42 2020,3.7.0.0,FA443C589AFA866258040553221,0,0,0,0,0,0,0,0,0,0,0,1,81,5.01
024374,Feb 19 22:58:24 2020,3.7.0.0,F16511DEDA0B866258040544626,0,0,0,0,0,0,0,0,0,0,0,0,57,3.56
024449,Feb 19 01:50:44 2020,3.7.0.0,E51BA024A012866258040552769,0,0,0,0,0,0,0,0,0,0,0,1,19,1.26
024482,Feb 18 22:02:08 2020,NA,NA,0,0,0,0,0,0,0,0,0,0,0,0,72,4.46
024681,Feb 18 22:37:26 2020,NA,NA,0,0,0,0,0,0,0,0,0,0,0,0,72,4.36
024560,Feb 19 03:31:00 2020,3.7.0.0,E0AC2226DA71866258040556653,0,0,0,0,0,0,0,0,0,0,0,2,71,4.52
024584,Feb 19 01:50:44 2020,3.7.0.0,CFC9F771BBFC866258040556521,0,0,0,0,0,0,0,0,0,0,0,1,19,1.26
024779,Mar  3 19:43:46 2020,NA,NA,0,0,0,0,0,0,0,0,0,0,0,0,48,2.93
024526,Feb 20 14:43:12 2020,NA,NA,0,0,0,0,0,0,0,0,0,0,0,0,36,2.2
024386,Feb 19 15:16:02 2020,NA,NA,0,0,0,0,0,0,0,0,0,0,0,1,60,3.73
024586,Feb 19 22:22:38 2020,3.7.0.0,EBB5D70FE581866258040538669,0,0,0,0,0,0,0,0,0,0,0,0,57,2.04
024716,Feb 20 16:47:12 2020,NA,NA,0,0,0,0,0,0,0,0,0,0,0,0,75,4.6
024334,Feb 19 13:20:08 2020,3.7.0.0,DAA06B5219DD866258040553551,0,0,0,0,0,0,0,0,0,0,0,2,49,3.28
024600,Feb 20 19:26:28 2020,NA,NA,0,0,0,0,0,0,0,0,0,0,0,0,64,3.89
024813,Feb 20 17:18:46 2020,NA,NA,0,0,0,0,0,0,0,0,0,0,0,0,74,4.54
024764,Feb 20 19:26:28 2020,NA,NA,0,0,0,0,0,0,0,0,0,0,0,0,64,3.85
024537,Feb 19 20:00:08 2020,NA,NA,0,0,0,0,0,0,0,0,0,0,0,0,70,4.32
024445,Feb 20 00:24:30 2020,3.7.0.0,C858DDEEE0A7866258040541341,0,0,0,0,0,0,0,0,0,0,0,1,22,1.47
024395,Feb 19 04:48:00 2020,3.7.0.0,F02E50B82F3B866258040551910,0,0,0,0,0,0,0,0,0,0,0,1,47,2.98
024631,Feb 20 01:05:34 2020,3.7.0.0,E661CC3C7586866258040553718,0,0,0,0,0,0,0,0,0,0,0,1,12,0.83
024609,Feb 19 07:07:50 2020,3.7.0.0,F83F1894C294866258040543131,0,0,0,0,0,0,0,0,0,0,0,1,73,4.59
024565,Feb 19 15:15:40 2020,NA,NA,0,0,0,0,0,0,0,0,0,0,0,1,55,3.45
024466,Feb 20 21:57:00 2020,NA,NA,0,0,0,0,0,0,0,0,0,0,0,0,44,2.68
024404,Feb 19 17:07:14 2020,3.7.0.0,CFC37EC76AC7866258040552587,0,0,0,0,0,0,0,0,0,0,0,0,41,2.62
024403,Feb 19 15:15:40 2020,NA,NA,0,0,0,0,0,0,0,0,0,0,0,1,58,3.64
024522,Feb 19 01:50:44 2020,3.7.0.0,FC1919446586866258040554484,0,0,0,0,0,0,0,0,0,0,0,1,19,1.26
024401,Feb 19 17:07:14 2020,3.7.0.0,C432F3474822866258040547678,0,0,0,0,0,0,0,0,0,0,0,0,43,2.68
024610,Feb 18 14:26:04 2020,NA,NA,0,0,0,0,0,0,0,0,0,0,0,0,7,0.22
024672,Feb 19 00:09:38 2020,3.7.0.0,D9A7553BEFD9866258040547975,0,0,0,0,0,0,0,0,0,0,0,1,21,0.78
024381,Feb 19 17:18:36 2020,3.7.0.0,D3985E2DAA7B866258040542869,0,0,0,0,0,0,0,0,0,0,0,0,30,1.95
024734,Feb 20 06:48:42 2020,3.7.0.0,FAB84B2663C1866258040540483,0,0,0,0,0,0,0,0,0,0,0,1,81,5.01
024663,Feb 19 04:47:52 2020,3.7.0.0,DEA681AB2F91866258040547603,0,0,0,0,0,0,0,0,0,0,0,1,47,2.97
024476,Feb 18 14:25:50 2020,NA,NA,0,0,0,0,0,0,0,0,0,0,0,0,7,0.21
024704,Feb 20 20:25:00 2020,NA,NA,0,0,0,0,0,0,0,0,0,0,0,0,57,3.46
024546,Feb 19 04:48:02 2020,3.7.0.0,D0D5F59C2F60866258040550078,0,0,0,0,0,0,0,0,0,0,0,1,47,2.98
024430,Feb 18 22:02:08 2020,NA,NA,0,0,0,0,0,0,0,0,0,0,0,0,71,4.41
024649,Feb 19 00:09:42 2020,3.7.0.0,F3670179E83A866258040541473,0,0,0,0,0,0,0,0,0,0,0,1,21,1.35
024357,Feb 19 12:38:40 2020,3.7.0.0,DAA82338D6BA866258040553502,0,0,0,0,0,0,0,0,0,0,0,0,59,3.65
024792,Feb 20 16:47:14 2020,NA,NA,0,0,0,0,0,0,0,0,0,0,0,0,77,4.66
024770,Feb 20 16:47:12 2020,NA,NA,0,0,0,0,0,0,0,0,0,0,0,0,76,4.65
024662,Feb 19 00:09:38 2020,3.7.0.0,C5203BD7EC51866258040551704,0,0,0,0,0,0,0,0,0,0,0,1,21,1.35
024670,Feb 19 22:22:38 2020,3.7.0.0,FF9189C473CD866258040551886,0,0,0,0,0,0,0,0,0,0,0,0,57,3.56
024321,Feb 19 20:01:46 2020,NA,NA,0,0,0,0,0,0,0,0,0,0,0,0,69,4.24
024410,Feb 19 22:22:38 2020,3.7.0.0,F86DFCFA2C84866258040550995,0,0,0,0,0,0,0,0,0,0,0,0,57,3.56
024411,Feb 20 16:47:14 2020,NA,NA,0,0,0,0,0,0,0,0,0,0,0,0,80,4.9
024679,Feb 19 15:15:40 2020,NA,NA,0,0,0,0,0,0,0,0,0,0,0,1,58,3.59
024336,Feb 19 20:00:08 2020,NA,NA,0,0,0,0,0,0,0,0,0,0,0,0,71,4.37
024632,Feb 20 02:12:02 2020,3.7.0.0,EC9F57D02B48866258040543446,0,0,0,0,0,0,0,0,0,0,0,2,77,4.88
024766,Feb 20 14:43:10 2020,NA,NA,0,0,0,0,0,0,0,0,0,0,0,0,33,2.02
024463,Feb 20 02:12:02 2020,3.7.0.0,C1AF8B27C2A6866258040548767,0,0,0,0,0,0,0,0,0,0,0,2,77,4.88
024322,Feb 19 22:58:24 2020,3.7.0.0,CC670C8C641A866258040553726,0,0,0,0,0,0,0,0,0,0,0,0,57,3.56
024519,Feb 19 07:07:50 2020,3.7.0.0,E83937F6C86B866258040552009,0,0,0,0,0,0,0,0,0,0,0,1,73,4.59
024444,Feb 19 20:01:46 2020,NA,NA,0,0,0,0,0,0,0,0,0,0,0,0,69,4.23
024691,Feb 18 14:24:06 2020,NA,NA,0,0,0,0,0,0,0,0,0,0,0,0,7,0.21
024657,Feb 19 17:07:14 2020,3.7.0.0,E663CA28E79F866258040556190,0,0,0,0,0,0,0,0,0,0,0,0,39,2.5
024810,Feb 20 13:08:04 2020,NA,NA,0,0,0,0,0,0,0,0,0,0,0,0,41,2.41
024402,Feb 19 15:16:02 2020,NA,NA,0,0,0,0,0,0,0,0,0,0,0,1,59,3.66
024536,Feb 20 02:12:00 2020,3.7.0.0,ED4F6A263E29866258040556620,0,0,0,0,0,0,0,0,0,0,0,2,77,4.88
024660,Feb 19 03:31:00 2020,3.7.0.0,FAE0877649AC866258040549617,0,0,0,0,0,0,0,0,0,0,0,2,71,4.52
024348,Feb 19 01:50:44 2020,3.7.0.0,E3B40E104FFD866258040551621,0,0,0,0,0,0,0,0,0,0,0,1,19,1.26
024574,Feb 20 20:43:34 2020,NA,NA,0,0,0,0,0,0,0,0,0,0,0,0,3,0.15
024406,Feb 20 00:24:30 2020,3.7.0.0,E492C9BF2968866258040541754,0,0,0,0,0,0,0,0,0,0,0,1,22,1.47
024719,Feb 20 13:10:14 2020,NA,NA,0,0,0,0,0,0,0,0,0,0,0,0,41,2.38
024563,Feb 19 12:38:38 2020,3.7.0.0,DFE1BFD12563866258040556257,0,0,0,0,0,0,0,0,0,0,0,0,67,4.1
024456,Feb 19 00:09:42 2020,3.7.0.0,D94C9EE82CCA866258040544071,0,0,0,0,0,0,0,0,0,0,0,1,21,1.35
024368,Feb 19 22:22:38 2020,3.7.0.0,DA7AE0791A9E866258040550359,0,0,0,0,0,0,0,0,0,0,0,0,57,3.56
024729,Feb 20 19:26:28 2020,NA,NA,0,0,0,0,0,0,0,0,0,0,0,0,58,3.49
024419,Feb 19 22:58:24 2020,3.7.0.0,EA7FB95A38B1866258040555994,0,0,0,0,0,0,0,0,0,0,0,0,57,3.56
024388,Feb 19 15:15:40 2020,NA,NA,0,0,0,0,0,0,0,0,0,0,0,1,61,3.78
024478,Feb 18 20:20:34 2020,3.7.0.0,DE2448131B43866258040556638,0,0,0,0,0,0,0,0,0,0,0,0,3,0.27
024499,Feb 19 15:15:40 2020,NA,NA,0,0,0,0,0,0,0,0,0,0,0,1,60,3.7
024472,Feb 19 00:09:38 2020,3.7.0.0,D5F3BFE2901D866258040549997,0,0,0,0,0,0,0,0,0,0,0,1,21,1.35
