{"timestamp":1582627896,"error_type":269,"message":"Sub1 keep alive failed","log_level":1,"logs":[{"timestamp":1582627860,"message":"cabAppA7:monitorAndTelemetry.c:932 OTA manager thread id : 357\n","log_level":1},{"timestamp":1582627860,"message":"cabAppA7:watchdog.c:48 threadRegister : 357 \n\n","log_level":1},{"timestamp":1582627860,"message":"cabAppA7:error.c:96 \r\n[Tue Feb 25 10:51:00 2020]:\n","log_level":1},{"timestamp":1582627860,"message":"cabAppA7:cloud.c:517 Request for checking ota to cloud\n","log_level":1},{"timestamp":1582627860,"message":"cabAppA7:curl.c:487 getJsonfromCloud : Lock\n","log_level":1},{"timestamp":1582627862,"message":"cabAppA7:curl.c:490 getJsonfromCloud : Unlock\n","log_level":1},{"timestamp":1582627862,"message":"cabAppA7:curl.c:496 HTTP return code 202\n\n","log_level":1},{"timestamp":1582627862,"message":"cabAppA7:cloud.c:533 Unable to get OTA : 69\n","log_level":1},{"timestamp":1582627862,"message":"cabAppA7:otaModule.c:426 connectToCloud() fail with error: 69\r\n\n","log_level":1},{"timestamp":1582627862,"message":"cabAppA7:otaModule.c:429 No more OTA image available on cloud to perform !\n","log_level":1},{"timestamp":1582627862,"message":"cabAppA7:monitorAndTelemetry.c:972 No OTA to be performed! Exiting OTA manager.\n","log_level":1},{"timestamp":1582627862,"message":"cabAppA7:watchdog.c:94 threadDeregister: 357 \n\n","log_level":1},{"timestamp":1582627867,"message":"cabAppA7:monitorAndTelemetry.c:3081 BLE Connected\n","log_level":1},{"timestamp":1582627870,"message":"cabAppA7:bleUart.c:1705 BLE command recvd 15\n\n","log_level":1},{"timestamp":1582627873,"message":"cabAppA7:bleUart.c:1705 BLE command recvd 1\n\n","log_level":1},{"timestamp":1582627873,"message":"cabAppA7:dataControl.c:492 SDC setting event\r\n\n","log_level":1},{"timestamp":1582627873,"message":"cabAppA7:configData.c:300 Zip file cnt :0\r\n\n","log_level":1},{"timestamp":1582627873,"message":"cabAppA7:configData.c:105 Zip file cnt :0\r\n\n","log_level":1},{"timestamp":1582627873,"message":"cabAppA7:dataControl.c:492 SDC setting event\r\n\n","log_level":1},{"timestamp":1582627873,"message":"cabAppA7:configData.c:300 Zip file cnt :0\r\n\n","log_level":1},{"timestamp":1582627873,"message":"cabAppA7:configData.c:105 Zip file cnt :0\r\n\n","log_level":1},{"timestamp":1582627873,"message":"cabAppA7:dataControl.c:492 SDC setting event\r\n\n","log_level":1},{"timestamp":1582627873,"message":"cabAppA7:configData.c:300 Zip file cnt :0\r\n\n","log_level":1},{"timestamp":1582627873,"message":"cabAppA7:configData.c:105 Zip file cnt :0\r\n\n","log_level":1},{"timestamp":1582627873,"message":"cabAppA7:dataControl.c:492 SDC setting event\r\n\n","log_level":1},{"timestamp":1582627873,"message":"cabAppA7:configData.c:300 Zip file cnt :0\r\n\n","log_level":1},{"timestamp":1582627873,"message":"cabAppA7:configData.c:105 Zip file cnt :0\r\n\n","log_level":1},{"timestamp":1582627873,"message":"cabAppA7:rfDeviceMgr.c:392 Flushing Devices\r\n\n","log_level":1},{"timestamp":1582627873,"message":"cabAppA7:monitorAndTelemetry.c:2334 sending event # 1\n\n","log_level":1},{"timestamp":1582627873,"message":"cabAppA7:error.c:96 \r\n[Tue Feb 25 10:51:13 2020]:\n","log_level":1},{"timestamp":1582627873,"message":"cabAppA7:monitorAndTelemetry.c:1277 --- Ev : CONFIG_SUCCESS --- \n","log_level":1},{"timestamp":1582627873,"message":"cabAppA7:monitorAndTelemetry.c:305 ST:MOVING_STATE\n","log_level":1},{"timestamp":1582627873,"message":"cabAppA7:dataStorage.c:890 Zip file cnt :0\r\n\n","log_level":1},{"timestamp":1582627873,"message":"cabAppA7:dataStorage.c:921 WEXITSTATUS status=0\r\n\n","log_level":1},{"timestamp":1582627873,"message":"cabAppA7:dataStorage.c:78 Zip file status :0\r\n\n","log_level":1},{"timestamp":1582627873,"message":"cabAppA7:dataStorage.c:157 Zip file cnt :1\r\n\n","log_level":1},{"timestamp":1582627873,"message":"cabAppA7:configData.c:620 Zip file cnt :0\r\n\n","log_level":1},{"timestamp":1582627873,"message":"cabAppA7:configData.c:105 Zip file cnt :1\r\n\n","log_level":1},{"timestamp":1582627873,"message":"cabAppA7:dataControl.c:354 \r\n## Send zip data to cloud ##\r\n\n","log_level":1},{"timestamp":1582627873,"message":"cabAppA7:dataControl.c:178 ==== 178 sendZipToCloud ====\r\n\n","log_level":1},{"timestamp":1582627873,"message":"cabAppA7:dataControl.c:190 Send zip to cloud thread id : 362\n","log_level":1},{"timestamp":1582627873,"message":"cabAppA7:watchdog.c:48 threadRegister : 362 \n\n","log_level":1},{"timestamp":1582627873,"message":"cabAppA7:error.c:96 \r\n[Tue Feb 25 10:51:13 2020]:\n","log_level":1},{"timestamp":1582627873,"message":"cabAppA7:cloud.c:476 Request for sending zip to cloud\n","log_level":1},{"timestamp":1582627873,"message":"cabAppA7:curl.c:328 uploadFileToCloud : Lock\n","log_level":1},{"timestamp":1582627876,"message":"cabAppA7:curl.c:331 uploadFileToCloud : Unlock\n","log_level":1},{"timestamp":1582627876,"message":"cabAppA7:curl.c:337 HTTP return code 200\n\n","log_level":1},{"timestamp":1582627876,"message":"cabAppA7:cloud.c:486 Uploaded zip file name /media/userdata/dataStorage/R03_08_00_04__CG_1582627873.zip\n","log_level":1},{"timestamp":1582627876,"message":"cabAppA7:dataStorage.c:157 Zip file cnt :0\r\n\n","log_level":1},{"timestamp":1582627876,"message":"cabAppA7:error.c:86 MISC_NO_PENDING_EVENT\n","log_level":1},{"timestamp":1582627876,"message":"cabAppA7:error.c:96 \r\n[Tue Feb 25 10:51:16 2020]:\n","log_level":1},{"timestamp":1582627876,"message":"cabAppA7:cloud.c:476 Request for sending zip to cloud\n","log_level":1},{"timestamp":1582627876,"message":"cabAppA7:curl.c:328 uploadFileToCloud : Lock\n","log_level":1},{"timestamp":1582627877,"message":"cabAppA7:bleUart.c:1705 BLE command recvd 12\n\n","log_level":1},{"timestamp":1582627877,"message":"cabAppA7:bleUart.c:1705 BLE command recvd 13\n\n","log_level":1},{"timestamp":1582627878,"message":"cabAppA7:curl.c:331 uploadFileToCloud : Unlock\n","log_level":1},{"timestamp":1582627878,"message":"cabAppA7:curl.c:337 HTTP return code 200\n\n","log_level":1},{"timestamp":1582627878,"message":"cabAppA7:cloud.c:486 Uploaded zip file name /media/userdata/dataConfig/R03_08_00_04__CG_1582627873.zip\n","log_level":1},{"timestamp":1582627879,"message":"cabAppA7:configData.c:105 Zip file cnt :0\r\n\n","log_level":1},{"timestamp":1582627879,"message":"cabAppA7:error.c:86 MISC_NO_PENDING_EVENT\n","log_level":1},{"timestamp":1582627879,"message":"cabAppA7:watchdog.c:94 threadDeregister: 362 \n\n","log_level":1},{"timestamp":1582627879,"message":"cabAppA7:monitorAndTelemetry.c:3088 BLE DisConnected\n","log_level":1},{"timestamp":1582627896,"message":"cabAppA7:monitorAndTelemetry.c:2334 sending event # 12\n\n","log_level":1},{"timestamp":1582627896,"message":"cabAppA7:error.c:96 \r\n[Tue Feb 25 10:51:36 2020]:\n","log_level":1},{"timestamp":1582627896,"message":"cabAppA7:monitorAndTelemetry.c:1277 --- Ev : LEAK_DET --- \n","log_level":1},{"timestamp":1582627896,"message":"cabAppA7:memory.c:46 Self Memory Usage 115864\n","log_level":1},{"timestamp":1582627896,"message":"cabAppA7:monitorAndTelemetry.c:330 \nreadyToCheckSub1KeepAlive Count = 1\n\n","log_level":1},{"timestamp":1582627896,"message":"cabAppA7:monitorAndTelemetry.c:1780 \nSub1 Keep Alive Check...\n\n","log_level":1},{"timestamp":1582627896,"message":"cabAppA7:rfDeviceMgr.c:343 Remove device failed with code 8\n","log_level":1},{"timestamp":1582627896,"message":"cabAppA7:monitorAndTelemetry.c:1788 Sub1 keep alive check failed. Deinitialise the gateway\r\n\n","log_level":1}]}